id,data_inversa,dia_semana,horario,uf,br,km,municipio,causa_principal,causa_acidente,tipo_acidente,classificacao_acidente,fase_dia,sentido_via,condicao_metereologica,tipo_pista,tracado_via,uso_solo,latitude,longitude,total_vitimas,n_mortos,n_feridos_graves,n_feridos_leves,n_ilesos,n_ignorados,indice_gravidade,gravidade_cat,tracado_simplificado,pista_tipo,area_tipo,clima_adverso,periodo_dia,municipio_clean
572018,2024-01-01,segunda-feira,21:00:00,GO,60,8    ,SANTO ANTONIO DO DESCOBERTO,Não,Pista Escorregadia,Saída de leito carroçável,Sem Vítimas,Plena Noite,Crescente,Chuva,Dupla,Reta,Não  ,-16.108703,-48.29952,20,0,0,0,10,10,0,Sem_Lesoes,Reta,Simples,Rural,Adverso,Noite,SANTO ANTONIO DO DESCOBERTO
572065,2024-01-02,terça-feira,08:30:00,DF,60,11   ,BRASILIA,Sim,Acumulo de óleo sobre o pavimento,Queda de ocupante de veículo,Com Vítimas Feridas,Pleno dia,Decrescente,Chuva,Dupla,Reta,Sim  ,-15.911784,-48.157192,2,0,0,2,0,0,2,Leve,Reta,Simples,Urbana,Adverso,Dia,BRASILIA
572569,2024-01-04,quinta-feira,12:12:00,DF,60,28   ,BRASILIA,Não,Demais falhas mecânicas ou elétricas,Capotamento,Com Vítimas Feridas,Pleno dia,Crescente,Chuva,Dupla,Curva,Não  ,-16.020638,-48.250832,36,0,0,27,9,0,27,Leve,Curva,Simples,Rural,Adverso,Dia,BRASILIA
572657,2024-01-04,quinta-feira,21:15:00,GO,20,138  ,FLORES DE GOIAS,Não,Ausência de reação do condutor,Capotamento,Com Vítimas Fatais,Plena Noite,Crescente,Chuva,Simples,Reta,Não  ,-14.786891,-46.694374,36,18,0,18,0,0,90,Fatal,Reta,Simples,Rural,Adverso,Noite,FLORES DE GOIAS
572668,2024-01-04,quinta-feira,22:52:00,GO,80,2    ,PADRE BERNARDO,Sim,Demais falhas na via,Capotamento,Com Vítimas Feridas,Plena Noite,Crescente,Nevoeiro/Neblina,Simples,Interseção de Vias;Declive,Não  ,-15.502505,-48.21132,2,0,0,2,0,0,2,Leve,Inclinacao,Simples,Rural,Adverso,Noite,PADRE BERNARDO
572830,2024-01-05,sexta-feira,19:30:00,GO,251,"20,1 ",CRISTALINA,Não,Reação tardia ou ineficiente do condutor,Tombamento,Com Vítimas Feridas,Plena Noite,Crescente,Nublado,Simples,Reta,Não  ,-16.1620858,-47.477932,18,0,0,12,6,0,12,Leve,Reta,Simples,Rural,Normal,Noite,CRISTALINA
572994,2024-01-06,sábado,17:46:00,DF,20,"22,4 ",BRASILIA,Não,Avarias e/ou desgaste excessivo no pneu,Tombamento,Com Vítimas Feridas,Anoitecer,Decrescente,Chuva,Dupla,Declive,Não  ,-15.59834,-47.676186,45,0,0,27,18,0,27,Leve,Inclinacao,Simples,Rural,Adverso,Transicao,BRASILIA
582216,2024-02-20,terça-feira,06:30:00,GO,20,182  ,SIMOLANDIA,Não,Velocidade Incompatível,Tombamento,Sem Vítimas,Pleno dia,Decrescente,Garoa/Chuvisco,Dupla,Reta,Sim  ,-14.463847,-46.480179,6,0,0,0,2,4,0,Sem_Lesoes,Reta,Simples,Urbana,Adverso,Dia,SIMOLANDIA
573228,2024-01-07,domingo,17:20:00,GO,20,"143,9",FLORES DE GOIAS,Não,Acumulo de água sobre o pavimento,Colisão frontal,Com Vítimas Fatais,Pleno dia,Decrescente,Nublado,Simples,Curva,Não  ,-14.751895,-46.65666,24,3,6,3,3,9,27,Fatal,Curva,Simples,Rural,Normal,Dia,FLORES DE GOIAS
573285,2024-01-08,segunda-feira,02:00:00,DF,20,5    ,BRASILIA,Não,Iluminação deficiente,Atropelamento de Animal,Sem Vítimas,Plena Noite,Crescente,Nublado,Dupla,Aclive;Ponte;Reta,Sim  ,-15.670546,-47.816044,45,0,0,0,45,0,0,Sem_Lesoes,Inclinacao,Simples,Urbana,Normal,Noite,BRASILIA
573297,2024-01-08,segunda-feira,06:30:00,DF,40,"4,8  ",BRASILIA,Não,Pista Escorregadia,Queda de ocupante de veículo,Com Vítimas Feridas,Pleno dia,Decrescente,Nublado,Dupla,Reta,Sim  ,-16.012033,-47.982124,6,0,0,3,0,3,3,Leve,Reta,Simples,Urbana,Normal,Dia,BRASILIA
573407,2024-01-08,segunda-feira,16:34:00,DF,20,"40,5 ",BRASILIA,Não,Chuva,Capotamento,Com Vítimas Feridas,Pleno dia,Decrescente,Chuva,Dupla,Aclive,Não  ,-15.581552,-47.508035,8,0,0,4,4,0,4,Leve,Inclinacao,Simples,Rural,Adverso,Dia,BRASILIA
573425,2024-01-08,segunda-feira,18:00:00,DF,20,13   ,BRASILIA,Sim,Acumulo de água sobre o pavimento,Colisão com objeto,Sem Vítimas,Pleno dia,Crescente,Chuva,Dupla,Reta,Sim  ,-15.638752,-47.749599,2,0,0,0,2,0,0,Sem_Lesoes,Reta,Simples,Urbana,Adverso,Dia,BRASILIA
573852,2024-01-10,quarta-feira,20:00:00,DF,80,13   ,BRASILIA,Não,Reação tardia ou ineficiente do condutor,Saída de leito carroçável,Com Vítimas Feridas,Plena Noite,Decrescente,Nublado,Simples,Reta;Aclive,Não  ,-15.728034,-48.193768,12,0,0,6,6,0,6,Leve,Inclinacao,Simples,Rural,Normal,Noite,BRASILIA
573857,2024-01-10,quarta-feira,21:20:00,GO,40,1    ,VALPARAISO DE GOIAS,Sim,Acesso irregular,Atropelamento de Pedestre,Com Vítimas Feridas,Plena Noite,Decrescente,Nublado,Dupla,Reta,Sim  ,-16.067129,-47.984235,2,0,0,1,1,0,1,Leve,Reta,Simples,Urbana,Normal,Noite,VALPARAISO DE GOIAS
574527,2024-01-13,sábado,20:00:00,DF,20,"56,9 ",BRASILIA,Sim,Iluminação deficiente,Capotamento,Sem Vítimas,Plena Noite,Decrescente,Céu Claro,Dupla,Curva,Não  ,-15.583027,-47.367081,2,0,0,0,0,2,0,Sem_Lesoes,Curva,Simples,Rural,Normal,Noite,BRASILIA
574553,2024-01-13,sábado,21:15:00,GO,153,"402,2",PIRENOPOLIS,Não,Condutor deixou de manter distância do veículo da frente,Colisão lateral mesmo sentido,Com Vítimas Feridas,Plena Noite,Decrescente,Céu Claro,Simples,Reta,Não  ,-16.040709,-49.079845,4,0,0,2,2,0,2,Leve,Reta,Simples,Rural,Normal,Noite,PIRENOPOLIS
574722,2024-01-14,domingo,18:58:00,GO,40,"96,4 ",CRISTALINA,Não,Pista Escorregadia,Saída de leito carroçável,Sem Vítimas,Anoitecer,Decrescente,Garoa/Chuvisco,Simples,Aclive;Reta,Sim  ,-16.7546396,-47.6041675,18,0,0,0,18,0,0,Sem_Lesoes,Inclinacao,Simples,Urbana,Adverso,Transicao,CRISTALINA
575114,2024-01-16,terça-feira,14:50:00,GO,20,"19,7 ",FORMOSA,Não,Falta de acostamento,Saída de leito carroçável,Com Vítimas Fatais,Pleno dia,Crescente,Céu Claro,Simples,Reta;Declive,Não  ,-15.553887,-47.18708,70,42,0,0,14,14,168,Fatal,Inclinacao,Simples,Rural,Normal,Dia,FORMOSA
643509,2024-11-22,sexta-feira,16:00:00,DF,20,"25,4 ",BRASILIA,Não,Chuva,Colisão traseira,Com Vítimas Feridas,Pleno dia,Crescente,Chuva,Dupla,Curva,Sim  ,-15.595603,-47.649715,54,0,0,18,36,0,18,Leve,Curva,Simples,Urbana,Adverso,Dia,BRASILIA
575264,2024-01-17,quarta-feira,10:10:00,GO,50,99   ,CRISTALINA,Não,Acumulo de areia ou detritos sobre o pavimento,Colisão transversal,Com Vítimas Feridas,Pleno dia,Crescente,Céu Claro,Dupla,Reta;Em Obras,Sim  ,-16.7753024,-47.6235474,4,0,0,2,2,0,2,Leve,Reta,Simples,Urbana,Normal,Dia,CRISTALINA
575898,2024-01-20,sábado,08:30:00,GO,70,"8,2  ",AGUAS LINDAS DE GOIAS,Sim,Falta de elemento de contenção que evite a saída do leito carroçável,Capotamento,Com Vítimas Feridas,Pleno dia,Decrescente,Céu Claro,Dupla,Curva;Declive,Sim  ,-15.7373368,-48.2740747,1,0,1,0,0,0,2,Grave,Curva,Simples,Urbana,Normal,Dia,AGUAS LINDAS DE GOIAS
576998,2024-01-25,quinta-feira,13:57:00,DF,60,27   ,BRASILIA,Não,Avarias e/ou desgaste excessivo no pneu,Capotamento,Com Vítimas Feridas,Pleno dia,Crescente,Chuva,Dupla,Curva,Sim  ,-16.017551,-48.249252,24,0,0,18,6,0,18,Leve,Curva,Simples,Urbana,Adverso,Dia,BRASILIA
577517,2024-01-28,domingo,04:39:00,DF,70,10   ,BRASILIA,Não,Velocidade Incompatível,Colisão com objeto,Com Vítimas Feridas,Plena Noite,Crescente,Chuva,Dupla,Reta,Sim  ,-15.787066,-48.140709,12,0,0,6,6,0,6,Leve,Reta,Simples,Urbana,Adverso,Noite,BRASILIA
577625,2024-01-28,domingo,17:10:00,GO,70,29   ,COCALZINHO DE GOIAS,Não,Acumulo de água sobre o pavimento,Colisão com objeto,Com Vítimas Feridas,Anoitecer,Crescente,Nublado,Simples,Curva,Não  ,-15.7639611,-48.4429058,12,0,0,6,6,0,6,Leve,Curva,Simples,Rural,Normal,Transicao,COCALZINHO DE GOIAS
577828,2024-01-29,segunda-feira,15:00:00,DF,70,14   ,BRASILIA,Sim,Pista Escorregadia,Queda de ocupante de veículo,Com Vítimas Feridas,Pleno dia,Crescente,Nublado,Dupla,Reta,Não  ,-15.797312,-48.176056,2,0,0,2,0,0,2,Leve,Reta,Simples,Rural,Normal,Dia,BRASILIA
645045,2024-11-29,sexta-feira,17:22:00,DF,80,26   ,BRASILIA,Não,Velocidade Incompatível,Colisão transversal,Com Vítimas Feridas,Pleno dia,Decrescente,Chuva,Simples,Curva,Não  ,-15.612259,-48.198044,15,0,3,0,3,9,6,Grave,Curva,Simples,Rural,Adverso,Dia,BRASILIA
578298,2024-02-01,quinta-feira,06:30:00,DF,20,"3,5  ",BRASILIA,Não,Acumulo de água sobre o pavimento,Colisão com objeto,Sem Vítimas,Pleno dia,Decrescente,Chuva,Múltipla,Declive;Ponte,Sim  ,-15.679851,-47.832211,6,0,0,0,6,0,0,Sem_Lesoes,Inclinacao,Multipla,Urbana,Adverso,Dia,BRASILIA
578410,2024-02-01,quinta-feira,18:15:00,GO,40,3    ,VALPARAISO DE GOIAS,Sim,Acesso irregular,Colisão transversal,Com Vítimas Feridas,Pleno dia,Crescente,Nublado,Dupla,Reta,Sim  ,-16.076081,-47.985671,2,0,0,1,1,0,1,Leve,Reta,Simples,Urbana,Normal,Dia,VALPARAISO DE GOIAS
579852,2024-02-08,quinta-feira,19:10:00,GO,40,"0,2  ",VALPARAISO DE GOIAS,Sim,Pista Escorregadia,Queda de ocupante de veículo,Com Vítimas Feridas,Plena Noite,Crescente,Nublado,Dupla,Reta,Sim  ,-16.058273,-47.982655,1,0,1,0,0,0,2,Grave,Reta,Simples,Urbana,Normal,Noite,VALPARAISO DE GOIAS
580480,2024-02-11,domingo,08:50:00,DF,60,"21,9 ",BRASILIA,Não,Chuva,Saída de leito carroçável,Sem Vítimas,Pleno dia,Crescente,Chuva,Dupla,Reta,Não  ,-15.979909,-48.206978,3,0,0,0,3,0,0,Sem_Lesoes,Reta,Simples,Rural,Adverso,Dia,BRASILIA
580641,2024-02-11,domingo,23:10:00,GO,60,"19,1 ",ALEXANIA,Não,Pista Escorregadia,Colisão frontal,Com Vítimas Fatais,Plena Noite,Crescente,Chuva,Dupla,Aclive;Reta,Não  ,-16.116914,-48.393592,12,3,3,6,0,0,24,Fatal,Inclinacao,Simples,Rural,Adverso,Noite,ALEXANIA
580648,2024-02-12,segunda-feira,00:40:00,DF,40,"2,9  ",BRASILIA,Não,Pista Escorregadia,Queda de ocupante de veículo,Com Vítimas Feridas,Plena Noite,Crescente,Chuva,Dupla,Interseção de Vias;Ponte;Reta,Sim  ,-15.99435,-47.985947,8,0,0,8,0,0,8,Leve,Obra_Arte,Simples,Urbana,Adverso,Noite,BRASILIA
580722,2024-02-08,quinta-feira,17:25:00,GO,20,2    ,FORMOSA,Não,Demais falhas na via,Eventos atípicos,Sem Vítimas,Pleno dia,Decrescente,Chuva,Simples,Interseção de Vias;Reta,Sim  ,-15.57387,-47.327488,8,0,0,0,8,0,0,Sem_Lesoes,Reta,Simples,Urbana,Adverso,Dia,FORMOSA
580994,2024-02-13,terça-feira,20:44:00,GO,40,"9,3  ",LUZIANIA,Não,Pedestre - Ingestão de álcool/ substâncias psicoativas,Atropelamento de Pedestre,Com Vítimas Feridas,Plena Noite,Crescente,Céu Claro,Dupla,Reta,Sim  ,-16.131158,-47.957739,12,0,4,0,8,0,8,Grave,Reta,Simples,Urbana,Normal,Noite,LUZIANIA
581510,2024-02-16,sexta-feira,15:00:00,GO,20,1    ,FORMOSA,Não,Restrição de visibilidade em curvas verticais,Colisão traseira,Com Vítimas Feridas,Pleno dia,Decrescente,Céu Claro,Simples,Declive;Curva,Sim  ,-15.579424,-47.334297,12,0,0,6,6,0,6,Leve,Curva,Simples,Urbana,Normal,Dia,FORMOSA
581709,2024-02-17,sábado,17:45:00,DF,60,19   ,BRASILIA,Sim,Acumulo de água sobre o pavimento,Derramamento de carga,Com Vítimas Feridas,Pleno dia,Decrescente,Nublado,Dupla,Reta,Sim  ,-15.974583,-48.189411,4,0,0,2,0,2,2,Leve,Reta,Simples,Urbana,Normal,Dia,BRASILIA
581936,2024-02-18,domingo,20:21:00,DF,20,"1,7  ",BRASILIA,Não,Frear bruscamente,Colisão com objeto,Com Vítimas Feridas,Plena Noite,Crescente,Chuva,Dupla,Reta;Interseção de Vias,Sim  ,-15.685814,-47.849838,20,0,16,0,4,0,32,Grave,Reta,Simples,Urbana,Adverso,Noite,BRASILIA
582001,2024-02-19,segunda-feira,08:46:00,DF,20,2    ,BRASILIA,Sim,Acesso irregular,Colisão transversal,Sem Vítimas,Pleno dia,Decrescente,Nublado,Múltipla,Interseção de Vias;Reta,Sim  ,-15.682896,-47.840729,4,0,0,0,2,2,0,Sem_Lesoes,Reta,Multipla,Urbana,Normal,Dia,BRASILIA
582268,2024-02-20,terça-feira,14:00:00,DF,20,13   ,BRASILIA,Sim,Pista Escorregadia,Colisão com objeto,Sem Vítimas,Pleno dia,Decrescente,Chuva,Dupla,Reta,Não  ,-15.638752,-47.749599,1,0,0,0,0,1,0,Sem_Lesoes,Reta,Simples,Rural,Adverso,Dia,BRASILIA
582269,2024-02-20,terça-feira,16:00:00,DF,20,"15,6 ",BRASILIA,Sim,Pista Escorregadia,Colisão com objeto,Sem Vítimas,Pleno dia,Crescente,Chuva,Dupla,Reta,Não  ,-15.630189,-47.733288,1,0,0,0,0,1,0,Sem_Lesoes,Reta,Simples,Rural,Adverso,Dia,BRASILIA
582856,2024-02-23,sexta-feira,19:30:00,GO,414,"410,7",ABADIANIA,Não,Velocidade Incompatível,Atropelamento de Pedestre,Com Vítimas Feridas,Plena Noite,Crescente,Nublado,Simples,Interseção de Vias;Reta,Sim  ,-16.0566499,-48.8538837,6,0,3,0,3,0,6,Grave,Reta,Simples,Urbana,Normal,Noite,ABADIANIA
584282,2024-03-01,sexta-feira,18:05:00,GO,40,"7,1  ",VALPARAISO DE GOIAS,Não,Acessar a via sem observar a presença dos outros veículos,Colisão transversal,Com Vítimas Feridas,Anoitecer,Crescente,Céu Claro,Dupla,Reta,Sim  ,-16.108482,-47.972524,4,0,0,2,2,0,2,Leve,Reta,Simples,Urbana,Normal,Transicao,VALPARAISO DE GOIAS
584475,2024-03-02,sábado,13:25:00,DF,60,"8,6  ",BRASILIA,Não,Reação tardia ou ineficiente do condutor,Saída de leito carroçável,Com Vítimas Feridas,Pleno dia,Crescente,Chuva,Dupla,Declive;Reta,Sim  ,-15.90542,-48.138196,12,0,0,6,6,0,6,Leve,Inclinacao,Simples,Urbana,Adverso,Dia,BRASILIA
584546,2024-03-02,sábado,19:18:00,GO,50,"97,8 ",CRISTALINA,Não,Reação tardia ou ineficiente do condutor,Colisão transversal,Sem Vítimas,Plena Noite,Crescente,Céu Claro,Simples,Reta;Rotatória;Em Obras,Sim  ,-16.7660221,-47.6158941,30,0,0,0,30,0,0,Sem_Lesoes,Reta,Simples,Urbana,Normal,Noite,CRISTALINA
585780,2024-03-08,sexta-feira,05:30:00,GO,414,416  ,ABADIANIA,Sim,Deficiência do Sistema de Iluminação/Sinalização,Incêndio,Sem Vítimas,Amanhecer,Decrescente,Céu Claro,Simples,Aclive;Curva,Não  ,-16.1026529,-48.8633823,1,0,0,0,1,0,0,Sem_Lesoes,Curva,Simples,Rural,Normal,Transicao,ABADIANIA
586696,2024-03-12,terça-feira,05:49:00,DF,20,30   ,BRASILIA,Não,Iluminação deficiente,Queda de ocupante de veículo,Com Vítimas Feridas,Amanhecer,Decrescente,Nublado,Dupla,Declive;Reta,Não  ,-15.595327,-47.603848,80,0,16,0,64,0,32,Grave,Inclinacao,Simples,Rural,Normal,Transicao,BRASILIA
586759,2024-02-09,sexta-feira,17:40:00,GO,414,"402,4",CORUMBA DE GOIAS,Sim,Ausência de reação do condutor,Saída de leito carroçável,Com Vítimas Feridas,Anoitecer,Decrescente,Chuva,Simples,Curva,Não  ,-15.992372,-48.836667,4,0,0,4,0,0,4,Leve,Curva,Simples,Rural,Adverso,Transicao,CORUMBA DE GOIAS
586763,2024-03-12,terça-feira,12:15:00,DF,251,33   ,BRASILIA,Não,Reação tardia ou ineficiente do condutor,Saída de leito carroçável,Com Vítimas Feridas,Pleno dia,Crescente,Céu Claro,Simples,Reta,Não  ,-15.9386034,-47.746346,18,0,6,12,0,0,24,Grave,Reta,Simples,Rural,Normal,Dia,BRASILIA
586905,2024-03-13,quarta-feira,06:40:00,GO,20,116  ,FLORES DE GOIAS,Sim,Acumulo de água sobre o pavimento,Colisão frontal,Com Vítimas Feridas,Pleno dia,Decrescente,Chuva,Simples,Reta,Não  ,-14.880402,-46.853172,5,0,0,1,1,3,1,Leve,Reta,Simples,Rural,Adverso,Dia,FLORES DE GOIAS
586942,2024-03-13,quarta-feira,08:30:00,DF,20,8    ,BRASILIA,Não,Velocidade Incompatível,Queda de ocupante de veículo,Com Vítimas Feridas,Pleno dia,Crescente,Nublado,Dupla,Reta;Declive,Sim  ,-15.658386,-47.791534,24,0,0,12,12,0,12,Leve,Inclinacao,Simples,Urbana,Normal,Dia,BRASILIA
587080,2024-03-13,quarta-feira,18:40:00,GO,40,17   ,LUZIANIA,Não,Chuva,Saída de leito carroçável,Sem Vítimas,Plena Noite,Decrescente,Chuva,Dupla,Reta;Declive,Sim  ,-16.18487,-47.928641,3,0,0,0,3,0,0,Sem_Lesoes,Inclinacao,Simples,Urbana,Adverso,Noite,LUZIANIA
587416,2024-03-15,sexta-feira,12:10:00,GO,50,99   ,CRISTALINA,Sim,Curva acentuada,Capotamento,Sem Vítimas,Pleno dia,Crescente,Céu Claro,Dupla,Em Obras;Interseção de Vias;Desvio Temporário,Sim  ,-16.7752879,-47.624445,3,0,0,0,3,0,0,Sem_Lesoes,Reta,Simples,Urbana,Normal,Dia,CRISTALINA
587490,2024-03-15,sexta-feira,19:38:00,GO,40,16   ,LUZIANIA,Não,Demais falhas na via,Queda de ocupante de veículo,Com Vítimas Feridas,Plena Noite,Decrescente,Céu Claro,Dupla,Reta,Sim  ,-16.175176,-47.92964,12,0,12,0,0,0,24,Grave,Reta,Simples,Urbana,Normal,Noite,LUZIANIA
587840,2024-03-17,domingo,11:00:00,GO,20,"146,8",ALVORADA DO NORTE,Sim,Acumulo de água sobre o pavimento,Colisão com objeto,Com Vítimas Feridas,Pleno dia,Crescente,Céu Claro,Simples,Reta,Não  ,-14.734658,-46.652908,8,0,4,2,2,0,10,Grave,Reta,Simples,Rural,Normal,Dia,ALVORADA DO NORTE
587896,2024-03-17,domingo,17:02:00,DF,20,17   ,BRASILIA,Sim,Acumulo de óleo sobre o pavimento,Capotamento,Sem Vítimas,Pleno dia,Decrescente,Céu Claro,Dupla,Reta,Sim  ,-15.621374,-47.71698,1,0,0,0,1,0,0,Sem_Lesoes,Reta,Simples,Urbana,Normal,Dia,BRASILIA
589300,2024-03-23,sábado,19:00:00,DF,20,"5,8  ",BRASILIA,Não,Iluminação deficiente,Engavetamento,Com Vítimas Feridas,Plena Noite,Crescente,Chuva,Dupla,Reta;Ponte;Declive,Sim  ,-15.665888,-47.808308,60,0,0,24,36,0,24,Leve,Inclinacao,Simples,Urbana,Adverso,Noite,BRASILIA
591739,2024-04-04,quinta-feira,13:24:00,DF,20,"3,9  ",BRASILIA,Não,Chuva,Colisão com objeto,Sem Vítimas,Pleno dia,Crescente,Garoa/Chuvisco,Dupla,Declive;Reta,Sim  ,-15.679851,-47.832211,96,0,0,0,80,16,0,Sem_Lesoes,Inclinacao,Simples,Urbana,Adverso,Dia,BRASILIA
589941,2024-03-26,terça-feira,21:40:00,GO,40,"72,5 ",CRISTALINA,Sim,Sinalização mal posicionada,Tombamento,Com Vítimas Feridas,Plena Noite,Decrescente,Chuva,Dupla,Desvio Temporário,Não  ,-16.615897,-47.756002,4,0,2,2,0,0,6,Grave,Reta,Simples,Rural,Adverso,Noite,CRISTALINA
590111,2024-03-27,quarta-feira,15:20:00,GO,20,"63,9 ",FORMOSA,Não,Carga excessiva e/ou mal acondicionada,Tombamento,Com Vítimas Feridas,Pleno dia,Crescente,Nublado,Simples,Curva;Declive,Não  ,-15.220887,-47.160679,80,0,16,16,16,32,48,Grave,Curva,Simples,Rural,Normal,Dia,FORMOSA
590167,2024-03-27,quarta-feira,20:30:00,DF,70,4    ,BRASILIA,Não,Acumulo de água sobre o pavimento,Queda de ocupante de veículo,Com Vítimas Feridas,Plena Noite,Decrescente,Chuva,Dupla,Reta,Sim  ,-15.798115,-48.089317,16,0,0,4,0,12,4,Leve,Reta,Simples,Urbana,Adverso,Noite,BRASILIA
590782,2024-03-30,sábado,18:55:00,GO,60,8    ,SANTO ANTONIO DO DESCOBERTO,Sim,Acumulo de areia ou detritos sobre o pavimento,Colisão traseira,Com Vítimas Feridas,Plena Noite,Decrescente,Chuva,Dupla,Aclive,Não  ,-16.100354,-48.28663,4,0,0,1,2,1,1,Leve,Inclinacao,Simples,Rural,Adverso,Noite,SANTO ANTONIO DO DESCOBERTO
590820,2024-03-30,sábado,22:15:00,DF,70,"9,6  ",BRASILIA,Sim,Iluminação deficiente,Atropelamento de Pedestre,Com Vítimas Feridas,Plena Noite,Crescente,Nublado,Dupla,Reta,Sim  ,-15.784615,-48.132023,4,0,1,0,2,1,2,Grave,Reta,Simples,Urbana,Normal,Noite,BRASILIA
590860,2024-03-31,domingo,01:00:00,GO,20,24   ,FORMOSA,Não,Reação tardia ou ineficiente do condutor,Colisão lateral sentido oposto,Com Vítimas Feridas,Plena Noite,Crescente,Céu Claro,Simples,Curva;Declive,Não  ,-15.54017,-47.142769,25,0,0,10,15,0,10,Leve,Curva,Simples,Rural,Normal,Noite,FORMOSA
591330,2024-04-02,terça-feira,07:35:00,GO,70,3    ,AGUAS LINDAS DE GOIAS,Não,Reação tardia ou ineficiente do condutor,Capotamento,Com Vítimas Feridas,Pleno dia,Decrescente,Chuva,Múltipla,Reta,Sim  ,-15.761773,-48.2368693,24,0,0,12,12,0,12,Leve,Reta,Multipla,Urbana,Adverso,Dia,AGUAS LINDAS DE GOIAS
591461,2024-04-02,terça-feira,20:00:00,DF,70,6    ,BRASILIA,Sim,Acesso irregular,Tombamento,Com Vítimas Feridas,Plena Noite,Crescente,Céu Claro,Múltipla,Reta,Não  ,-15.791242,-48.105759,6,0,0,6,0,0,6,Leve,Reta,Multipla,Rural,Normal,Noite,BRASILIA
591633,2024-04-03,quarta-feira,20:50:00,DF,70,5    ,BRASILIA,Sim,Acumulo de água sobre o pavimento,Colisão traseira,Com Vítimas Feridas,Plena Noite,Crescente,Chuva,Dupla,Reta,Sim  ,-15.794656,-48.096779,3,0,0,1,2,0,1,Leve,Reta,Simples,Urbana,Adverso,Noite,BRASILIA
591828,2024-04-04,quinta-feira,21:48:00,DF,20,"42,8 ",BRASILIA,Não,Manobra de mudança de faixa,Queda de ocupante de veículo,Com Vítimas Feridas,Plena Noite,Decrescente,Céu Claro,Dupla,Aclive;Reta,Não  ,-15.579221,-47.494339,75,0,15,0,30,30,30,Grave,Inclinacao,Simples,Rural,Normal,Noite,BRASILIA
592313,2024-04-07,domingo,01:09:00,DF,70,17   ,BRASILIA,Sim,Condutor deixou de manter distância do veículo da frente,Queda de ocupante de veículo,Com Vítimas Feridas,Plena Noite,Crescente,Ignorado,Dupla,Reta,Sim  ,-15.794133,-48.202095,12,0,0,12,0,0,12,Leve,Reta,Simples,Urbana,Adverso,Noite,BRASILIA
592939,2024-04-09,terça-feira,19:25:00,DF,80,11   ,BRASILIA,Não,Reação tardia ou ineficiente do condutor,Queda de ocupante de veículo,Com Vítimas Feridas,Plena Noite,Decrescente,Nublado,Simples,Reta,Sim  ,-15.7309205,-48.1815827,2,0,0,2,0,0,2,Leve,Reta,Simples,Urbana,Normal,Noite,BRASILIA
593098,2024-04-10,quarta-feira,15:10:00,DF,20,"6,3  ",BRASILIA,Não,Avarias e/ou desgaste excessivo no pneu,Colisão com objeto,Sem Vítimas,Pleno dia,Decrescente,Chuva,Dupla,Curva;Declive;Retorno Regulamentado,Sim  ,-15.665888,-47.808308,8,0,0,0,8,0,0,Sem_Lesoes,Curva,Simples,Urbana,Adverso,Dia,BRASILIA
594167,2024-04-15,segunda-feira,14:50:00,GO,60,50   ,ABADIANIA,Não,Falta de elemento de contenção que evite a saída do leito carroçável,Capotamento,Com Vítimas Feridas,Pleno dia,Decrescente,Céu Claro,Dupla,Declive;Curva,Não  ,-16.1625,-48.624,18,0,0,6,12,0,6,Leve,Curva,Simples,Rural,Normal,Dia,ABADIANIA
594304,2024-03-19,terça-feira,10:35:00,DF,20,"11,4 ",BRASILIA,Sim,Manobra de mudança de faixa,Queda de ocupante de veículo,Com Vítimas Feridas,Pleno dia,Crescente,Céu Claro,Dupla,Reta,Sim  ,-15.64654,-47.766422,12,0,6,0,6,0,12,Grave,Reta,Simples,Urbana,Normal,Dia,BRASILIA
594980,2024-04-19,sexta-feira,15:00:00,DF,251,56   ,BRASILIA,Não,Falta de elemento de contenção que evite a saída do leito carroçável,Tombamento,Com Vítimas Feridas,Pleno dia,Crescente,Céu Claro,Simples,Curva,Não  ,-15.9832031,-47.9444851,9,0,0,9,0,0,9,Leve,Curva,Simples,Rural,Normal,Dia,BRASILIA
595656,2024-04-22,segunda-feira,09:00:00,GO,60,24   ,ALEXANIA,Não,Acesso irregular,Queda de ocupante de veículo,Com Vítimas Feridas,Pleno dia,Crescente,Céu Claro,Dupla,Aclive;Retorno Regulamentado,Não  ,-16.0963,-48.5202,18,0,0,6,6,6,6,Leve,Inclinacao,Simples,Rural,Normal,Dia,ALEXANIA
595763,2024-04-22,segunda-feira,21:20:00,DF,60,4    ,BRASILIA,Não,Pista Escorregadia,Queda de ocupante de veículo,Com Vítimas Feridas,Plena Noite,Crescente,Céu Claro,Dupla,Reta,Sim  ,-15.892721,-48.095741,6,0,0,6,0,0,6,Leve,Reta,Simples,Urbana,Normal,Noite,BRASILIA
595859,2024-04-23,terça-feira,14:40:00,GO,70,7    ,AGUAS LINDAS DE GOIAS,Não,Condutor deixou de manter distância do veículo da frente,Queda de ocupante de veículo,Com Vítimas Feridas,Pleno dia,Crescente,Nublado,Dupla,Curva,Sim  ,-15.7437553,-48.2677971,12,0,6,0,6,0,12,Grave,Curva,Simples,Urbana,Normal,Dia,AGUAS LINDAS DE GOIAS
595885,2024-04-23,terça-feira,16:50:00,GO,20,39   ,FORMOSA,Não,Desvio temporário,Colisão lateral sentido oposto,Com Vítimas Feridas,Pleno dia,Crescente,Céu Claro,Simples,Reta;Aclive,Não  ,-15.419437,-47.098999,14,0,0,2,2,10,2,Leve,Inclinacao,Simples,Rural,Normal,Dia,FORMOSA
595936,2024-04-23,terça-feira,21:07:00,DF,20,13   ,BRASILIA,Sim,Acumulo de água sobre o pavimento,Tombamento,Com Vítimas Feridas,Plena Noite,Crescente,Chuva,Dupla,Reta;Declive,Sim  ,-15.638752,-47.749599,27,0,0,27,0,0,27,Leve,Inclinacao,Simples,Urbana,Adverso,Noite,BRASILIA
596960,2024-04-28,domingo,15:35:00,GO,40,"8,6  ",LUZIANIA,Sim,Acesso irregular,Queda de ocupante de veículo,Com Vítimas Feridas,Pleno dia,Crescente,Sol,Dupla,Retorno Regulamentado;Reta,Sim  ,-16.131158,-47.957739,12,0,3,3,3,3,9,Grave,Reta,Simples,Urbana,Normal,Dia,LUZIANIA
597079,2024-04-28,domingo,22:20:00,GO,414,332  ,COCALZINHO DE GOIAS,Sim,Acumulo de água sobre o pavimento,Saída de leito carroçável,Com Vítimas Feridas,Plena Noite,Decrescente,Chuva,Simples,Declive;Curva,Não  ,-15.580993,-48.628662,1,0,0,1,0,0,1,Leve,Curva,Simples,Rural,Adverso,Noite,COCALZINHO DE GOIAS
599147,2024-05-08,quarta-feira,20:00:00,GO,40,"129,7",CRISTALINA,Não,Velocidade Incompatível,Capotamento,Com Vítimas Fatais,Plena Noite,Crescente,Céu Claro,Dupla,Reta,Não  ,-16.900374,-47.353735,64,16,0,32,16,0,96,Fatal,Reta,Simples,Rural,Normal,Noite,CRISTALINA
599742,2024-05-11,sábado,10:57:00,DF,70,5    ,BRASILIA,Sim,Acesso irregular,Queda de ocupante de veículo,Com Vítimas Feridas,Pleno dia,Crescente,Céu Claro,Dupla,Reta,Não  ,-15.794656,-48.096779,1,0,0,1,0,0,1,Leve,Reta,Simples,Rural,Normal,Dia,BRASILIA
599835,2024-05-11,sábado,19:30:00,GO,40,22   ,LUZIANIA,Não,Velocidade Incompatível,Capotamento,Com Vítimas Feridas,Plena Noite,Crescente,Céu Claro,Dupla,Reta,Sim  ,-16.227484,-47.914109,24,0,24,0,0,0,48,Grave,Reta,Simples,Urbana,Normal,Noite,LUZIANIA
600094,2024-05-12,domingo,17:40:00,GO,414,376  ,COCALZINHO DE GOIAS,Sim,Acesso irregular,Colisão transversal,Com Vítimas Feridas,Anoitecer,Crescente,Céu Claro,Dupla,Reta;Declive,Sim  ,-15.8168199,-48.7801857,4,0,0,2,1,1,2,Leve,Inclinacao,Simples,Urbana,Normal,Transicao,COCALZINHO DE GOIAS
600095,2024-05-12,domingo,18:40:00,GO,60,"45,3 ",ALEXANIA,Não,Reação tardia ou ineficiente do condutor,Saída de leito carroçável,Com Vítimas Fatais,Plena Noite,Crescente,Ignorado,Dupla,Reta;Aclive,Não  ,-16.1324,-48.5977,210,35,0,0,105,70,140,Fatal,Inclinacao,Simples,Rural,Adverso,Noite,ALEXANIA
600381,2024-05-14,terça-feira,02:00:00,GO,60,46   ,ALEXANIA,Não,Falta de elemento de contenção que evite a saída do leito carroçável,Saída de leito carroçável,Com Vítimas Feridas,Plena Noite,Decrescente,Céu Claro,Dupla,Curva;Aclive,Não  ,-16.1417,-48.5988,3,0,0,3,0,0,3,Leve,Curva,Simples,Rural,Normal,Noite,ALEXANIA
602168,2024-05-22,quarta-feira,09:00:00,GO,60,"73,3 ",ABADIANIA,Não,Sinalização mal posicionada,Engavetamento,Com Vítimas Feridas,Pleno dia,Crescente,Céu Claro,Dupla,Declive;Ponte,Não  ,-16.2759,-48.7774,450,0,0,60,240,150,60,Leve,Inclinacao,Simples,Rural,Normal,Dia,ABADIANIA
602067,2024-05-21,terça-feira,18:10:00,GO,40,"9,6  ",LUZIANIA,Não,Ausência de reação do condutor,Queda de ocupante de veículo,Com Vítimas Feridas,Plena Noite,Crescente,Céu Claro,Dupla,Reta,Sim  ,-16.131158,-47.957739,18,0,0,6,12,0,6,Leve,Reta,Simples,Urbana,Normal,Noite,LUZIANIA
602097,2024-05-21,terça-feira,20:00:00,GO,40,17   ,LUZIANIA,Não,Reação tardia ou ineficiente do condutor,Capotamento,Com Vítimas Fatais,Plena Noite,Decrescente,Ignorado,Dupla,Reta;Declive,Não  ,-16.18487,-47.928641,8,8,0,0,0,0,32,Fatal,Inclinacao,Simples,Rural,Adverso,Noite,LUZIANIA
602220,2024-05-22,quarta-feira,12:40:00,GO,20,4    ,FORMOSA,Não,Condutor usando celular,Colisão traseira,Com Vítimas Feridas,Pleno dia,Crescente,Céu Claro,Simples,Reta;Declive,Sim  ,-15.561395,-47.313698,12,0,0,4,8,0,4,Leve,Inclinacao,Simples,Urbana,Normal,Dia,FORMOSA
602293,2024-05-22,quarta-feira,19:45:00,GO,20,8    ,FORMOSA,Não,Falta de elemento de contenção que evite a saída do leito carroçável,Capotamento,Com Vítimas Feridas,Plena Noite,Decrescente,Céu Claro,Simples,Reta;Declive,Não  ,-15.551153,-47.283253,24,0,0,24,0,0,24,Leve,Inclinacao,Simples,Rural,Normal,Noite,FORMOSA
602313,2024-05-22,quarta-feira,22:00:00,GO,30,5    ,FORMOSA,Não,Avarias e/ou desgaste excessivo no pneu,Saída de leito carroçável,Com Vítimas Fatais,Plena Noite,Decrescente,Céu Claro,Simples,Curva;Aclive,Sim  ,-15.551025,-47.302346,6,6,0,0,0,0,24,Fatal,Curva,Simples,Urbana,Normal,Noite,FORMOSA
602802,2024-05-25,sábado,03:53:00,GO,20,62   ,FORMOSA,Sim,Falta de elemento de contenção que evite a saída do leito carroçável,Tombamento,Com Vítimas Feridas,Plena Noite,Crescente,Vento,Simples,Curva;Declive,Não  ,-15.22989,-47.172417,12,0,6,0,0,6,12,Grave,Curva,Simples,Rural,Adverso,Noite,FORMOSA
603088,2024-05-26,domingo,12:10:00,GO,40,"7,4  ",VALPARAISO DE GOIAS,Não,Entrada inopinada do pedestre,Queda de ocupante de veículo,Com Vítimas Feridas,Pleno dia,Crescente,Céu Claro,Dupla,Reta,Sim  ,-16.108482,-47.972524,20,0,0,10,10,0,10,Leve,Reta,Simples,Urbana,Normal,Dia,VALPARAISO DE GOIAS
603591,2024-05-28,terça-feira,14:35:00,DF,251,34   ,BRASILIA,Não,Ausência de reação do condutor,Colisão frontal,Com Vítimas Feridas,Pleno dia,Crescente,Céu Claro,Simples,Reta;Aclive,Não  ,-15.938301,-47.759799,6,0,0,3,0,3,3,Leve,Inclinacao,Simples,Rural,Normal,Dia,BRASILIA
603729,2024-05-29,quarta-feira,10:15:00,DF,20,18   ,BRASILIA,Sim,Falta de elemento de contenção que evite a saída do leito carroçável,Saída de leito carroçável,Com Vítimas Feridas,Pleno dia,Crescente,Céu Claro,Dupla,Reta;Declive,Sim  ,-15.616901,-47.708927,4,0,0,2,2,0,2,Leve,Inclinacao,Simples,Urbana,Normal,Dia,BRASILIA
603946,2024-05-29,quarta-feira,19:10:00,GO,40,83   ,CRISTALINA,Não,Pista Escorregadia,Colisão traseira,Sem Vítimas,Plena Noite,Decrescente,Céu Claro,Dupla,Reta,Não  ,-16.692061,-47.697907,4,0,0,0,4,0,0,Sem_Lesoes,Reta,Simples,Rural,Normal,Noite,CRISTALINA
604626,2024-06-02,domingo,05:30:00,DF,80,"2,5  ",BRASILIA,Sim,Reação tardia ou ineficiente do condutor,Saída de leito carroçável,Com Vítimas Feridas,Amanhecer,Crescente,Ignorado,Simples,Curva,Não  ,-15.732491,-48.093361,6,0,0,3,3,0,3,Leve,Curva,Simples,Rural,Adverso,Transicao,BRASILIA
604751,2024-06-02,domingo,18:03:00,GO,70,7    ,AGUAS LINDAS DE GOIAS,Não,Ausência de sinalização,Queda de ocupante de veículo,Com Vítimas Feridas,Anoitecer,Decrescente,Céu Claro,Dupla,Reta;Retorno Regulamentado,Sim  ,-15.7437553,-48.2677971,12,0,0,6,6,0,6,Leve,Reta,Simples,Urbana,Normal,Transicao,AGUAS LINDAS DE GOIAS
605069,2024-04-03,quarta-feira,14:00:00,GO,60,"25,8 ",ALEXANIA,Sim,Acumulo de água sobre o pavimento,Saída de leito carroçável,Com Vítimas Feridas,Pleno dia,Crescente,Ignorado,Dupla,Declive;Reta,Não  ,-16.108251,-48.44892,2,0,0,2,0,0,2,Leve,Inclinacao,Simples,Rural,Adverso,Dia,ALEXANIA
605266,2024-06-05,quarta-feira,06:50:00,DF,80,"12,7 ",BRASILIA,Sim,Afundamento ou ondulação no pavimento,Queda de ocupante de veículo,Com Vítimas Feridas,Pleno dia,Decrescente,Céu Claro,Simples,Em Obras;Reta,Não  ,-15.728034,-48.193768,2,0,0,2,0,0,2,Leve,Reta,Simples,Rural,Normal,Dia,BRASILIA
607115,2024-06-13,quinta-feira,07:20:00,GO,40,"2,2  ",VALPARAISO DE GOIAS,Não,Trafegar com motocicleta (ou similar) entre as faixas,Queda de ocupante de veículo,Com Vítimas Feridas,Pleno dia,Decrescente,Céu Claro,Dupla,Reta,Sim  ,-16.0725271,-47.9847407,60,0,0,30,15,15,30,Leve,Reta,Simples,Urbana,Normal,Dia,VALPARAISO DE GOIAS
607381,2024-06-14,sexta-feira,09:00:00,DF,70,"19,7 ",BRASILIA,Sim,Reação tardia ou ineficiente do condutor,Colisão com objeto,Com Vítimas Feridas,Pleno dia,Decrescente,Céu Claro,Dupla,Reta;Aclive,Não  ,-15.788868,-48.220242,18,0,0,6,12,0,6,Leve,Inclinacao,Simples,Rural,Normal,Dia,BRASILIA
607856,2024-06-16,domingo,07:50:00,DF,70,0    ,BRASILIA,Não,Sinalização mal posicionada,Colisão traseira,Com Vítimas Feridas,Pleno dia,Decrescente,Céu Claro,Múltipla,Reta,Sim  ,-15.792352,-48.054509,4,0,0,2,2,0,2,Leve,Reta,Multipla,Urbana,Normal,Dia,BRASILIA
607875,2024-06-16,domingo,10:25:00,GO,20,1    ,FORMOSA,Não,Demais falhas na via,Colisão traseira,Com Vítimas Feridas,Pleno dia,Decrescente,Céu Claro,Simples,Reta,Não  ,-15.579424,-47.334297,20,0,0,8,12,0,8,Leve,Reta,Simples,Rural,Normal,Dia,FORMOSA
607932,2024-06-16,domingo,16:45:00,DF,20,42   ,BRASILIA,Não,Declive acentuado,Saída de leito carroçável,Com Vítimas Feridas,Pleno dia,Decrescente,Céu Claro,Dupla,Reta;Declive,Não  ,-15.579221,-47.494339,15,0,0,3,9,3,3,Leve,Inclinacao,Simples,Rural,Normal,Dia,BRASILIA
608092,2024-06-17,segunda-feira,05:50:00,GO,40,"154,1",CRISTALINA,Não,Condutor Dormindo,Saída de leito carroçável,Com Vítimas Feridas,Amanhecer,Decrescente,Céu Claro,Simples,Curva,Não  ,-17.021539,-47.178851,4,0,0,2,2,0,2,Leve,Curva,Simples,Rural,Normal,Transicao,CRISTALINA
608108,2024-06-17,segunda-feira,10:00:00,GO,40,"11,8 ",LUZIANIA,Não,Acesso irregular,Queda de ocupante de veículo,Com Vítimas Feridas,Pleno dia,Crescente,Sol,Dupla,Reta,Sim  ,-16.138336,-47.951644,18,0,0,6,12,0,6,Leve,Reta,Simples,Urbana,Normal,Dia,LUZIANIA
608336,2024-03-14,quinta-feira,00:15:00,GO,40,25   ,LUZIANIA,Não,Demais falhas na via,Colisão com objeto,Com Vítimas Feridas,Plena Noite,Decrescente,Céu Claro,Simples,Interseção de Vias,Não  ,-16.252751,-47.900453,4,0,0,4,0,0,4,Leve,Reta,Simples,Rural,Normal,Noite,LUZIANIA
608495,2024-06-19,quarta-feira,05:45:00,GO,40,"42,1 ",LUZIANIA,Não,Declive acentuado,Capotamento,Com Vítimas Fatais,Amanhecer,Crescente,Céu Claro,Simples,Curva;Declive,Não  ,-16.367802,-47.826972,12,4,0,0,0,8,16,Fatal,Curva,Simples,Rural,Normal,Transicao,LUZIANIA
608795,2024-06-20,quinta-feira,14:00:00,GO,20,21   ,FORMOSA,Não,Reação tardia ou ineficiente do condutor,Tombamento,Com Vítimas Feridas,Pleno dia,Crescente,Céu Claro,Simples,Curva;Interseção de Vias,Não  ,-15.548405,-47.169384,10,0,0,10,0,0,10,Leve,Curva,Simples,Rural,Normal,Dia,FORMOSA
608882,2024-06-21,sexta-feira,01:00:00,GO,40,80   ,CRISTALINA,Não,Deficiência do Sistema de Iluminação/Sinalização,Colisão traseira,Com Vítimas Feridas,Plena Noite,Crescente,Céu Claro,Dupla,Reta,Não  ,-16.669464,-47.713391,4,0,0,4,0,0,4,Leve,Reta,Simples,Rural,Normal,Noite,CRISTALINA
609677,2024-06-24,segunda-feira,05:50:00,GO,251,"26,5 ",CRISTALINA,Não,Iluminação deficiente,Queda de ocupante de veículo,Com Vítimas Fatais,Amanhecer,Decrescente,Céu Claro,Simples,Reta,Sim  ,-16.1061034,-47.4947764,12,6,0,0,6,0,24,Fatal,Reta,Simples,Urbana,Normal,Transicao,CRISTALINA
609827,2024-06-24,segunda-feira,19:45:00,GO,80,2    ,PADRE BERNARDO,Não,Falta de elemento de contenção que evite a saída do leito carroçável,Saída de leito carroçável,Com Vítimas Feridas,Plena Noite,Crescente,Céu Claro,Simples,Reta,Não  ,-15.502505,-48.21132,4,0,4,0,0,0,8,Grave,Reta,Simples,Rural,Normal,Noite,PADRE BERNARDO
610121,2024-06-26,quarta-feira,06:10:00,GO,80,132  ,VILA PROPICIO,Não,Deficiência do Sistema de Iluminação/Sinalização,Capotamento,Com Vítimas Feridas,Amanhecer,Decrescente,Céu Claro,Simples,Retorno Regulamentado;Interseção de Vias,Não  ,-15.208875,-48.697312,16,0,0,12,4,0,12,Leve,Reta,Simples,Rural,Normal,Transicao,VILA PROPICIO
611390,2024-07-01,segunda-feira,23:20:00,GO,20,"39,1 ",FORMOSA,Não,Reação tardia ou ineficiente do condutor,Capotamento,Com Vítimas Feridas,Plena Noite,Crescente,Céu Claro,Simples,Reta;Declive,Não  ,-15.419437,-47.098999,8,0,8,0,0,0,16,Grave,Inclinacao,Simples,Rural,Normal,Noite,FORMOSA
612150,2024-07-05,sexta-feira,11:07:00,GO,40,"24,8 ",LUZIANIA,Não,Velocidade Incompatível,Queda de ocupante de veículo,Com Vítimas Fatais,Pleno dia,Crescente,Céu Claro,Simples,Reta,Sim  ,-16.2504953,-47.9022419,12,6,0,0,6,0,24,Fatal,Reta,Simples,Urbana,Normal,Dia,LUZIANIA
612955,2024-07-08,segunda-feira,08:05:00,DF,60,5    ,BRASILIA,Não,Afundamento ou ondulação no pavimento,Queda de ocupante de veículo,Com Vítimas Feridas,Pleno dia,Crescente,Céu Claro,Dupla,Reta,Sim  ,-15.895438,-48.104771,2,0,0,2,0,0,2,Leve,Reta,Simples,Urbana,Normal,Dia,BRASILIA
613407,2024-07-10,quarta-feira,07:45:00,DF,0,0    ,BRASILIA,Não,Reação tardia ou ineficiente do condutor,Colisão transversal,Sem Vítimas,Amanhecer,Não Informado,Sol,Dupla,Rotatória,Sim  ,-15.871818,-47.973283,6,0,0,0,6,0,0,Sem_Lesoes,Reta,Simples,Urbana,Normal,Transicao,BRASILIA
614143,2024-07-13,sábado,12:18:00,DF,251,"47,1 ",BRASILIA,Não,Reação tardia ou ineficiente do condutor,Capotamento,Com Vítimas Feridas,Pleno dia,Crescente,Céu Claro,Simples,Reta,Sim  ,-15.948113,-47.845235,27,0,9,18,0,0,36,Grave,Reta,Simples,Urbana,Normal,Dia,BRASILIA
613988,2024-07-12,sexta-feira,18:45:00,DF,251,58   ,BRASILIA,Não,Iluminação deficiente,Capotamento,Com Vítimas Feridas,Plena Noite,Decrescente,Céu Claro,Simples,Reta,Não  ,-15.948113,-47.845235,8,0,0,4,4,0,4,Leve,Reta,Simples,Rural,Normal,Noite,BRASILIA
614633,2024-07-15,segunda-feira,13:10:00,DF,251,51   ,BRASILIA,Não,Reação tardia ou ineficiente do condutor,Colisão traseira,Sem Vítimas,Pleno dia,Decrescente,Céu Claro,Simples,Reta,Sim  ,-15.933754,-47.817089,15,0,0,0,15,0,0,Sem_Lesoes,Reta,Simples,Urbana,Normal,Dia,BRASILIA
614934,2024-07-17,quarta-feira,00:30:00,DF,70,"7,4  ",BRASILIA,Não,Iluminação deficiente,Queda de ocupante de veículo,Com Vítimas Feridas,Plena Noite,Crescente,Céu Claro,Dupla,Declive;Reta,Sim  ,-15.787601,-48.114429,8,0,0,8,0,0,8,Leve,Inclinacao,Simples,Urbana,Normal,Noite,BRASILIA
615372,2024-07-19,sexta-feira,03:00:00,GO,20,36   ,FORMOSA,Não,Demais falhas na via,Capotamento,Com Vítimas Feridas,Plena Noite,Decrescente,Céu Claro,Simples,Reta;Declive;Em Obras,Não  ,-15.446499,-47.097328,18,0,0,6,12,0,6,Leve,Inclinacao,Simples,Rural,Normal,Noite,FORMOSA
615650,2024-07-20,sábado,07:18:00,DF,80,22   ,BRASILIA,Não,Desrespeitar a preferência no cruzamento,Colisão transversal,Com Vítimas Feridas,Pleno dia,Crescente,Céu Claro,Simples,Reta;Interseção de Vias,Sim  ,-15.647892,-48.201756,16,0,0,4,12,0,4,Leve,Reta,Simples,Urbana,Normal,Dia,BRASILIA
615682,2024-07-20,sábado,10:52:00,GO,40,13   ,LUZIANIA,Sim,Reação tardia ou ineficiente do condutor,Queda de ocupante de veículo,Com Vítimas Feridas,Pleno dia,Decrescente,Céu Claro,Dupla,Ponte;Reta,Sim  ,-16.151832,-47.939162,4,0,0,4,0,0,4,Leve,Obra_Arte,Simples,Urbana,Normal,Dia,LUZIANIA
615858,2024-07-21,domingo,05:15:00,GO,70,0    ,AGUAS LINDAS DE GOIAS,Não,Curva acentuada,Saída de leito carroçável,Sem Vítimas,Amanhecer,Crescente,Ignorado,Dupla,Aclive;Curva,Não  ,-15.783543,-48.2326,3,0,0,0,3,0,0,Sem_Lesoes,Curva,Simples,Rural,Adverso,Transicao,AGUAS LINDAS DE GOIAS
617038,2024-07-26,sexta-feira,17:00:00,DF,70,19   ,BRASILIA,Não,Curva acentuada,Saída de leito carroçável,Com Vítimas Feridas,Pleno dia,Crescente,Céu Claro,Dupla,Aclive;Curva,Sim  ,-15.788868,-48.220242,6,0,6,0,0,0,12,Grave,Curva,Simples,Urbana,Normal,Dia,BRASILIA
617039,2024-07-26,sexta-feira,16:00:00,DF,20,"3,9  ",BRASILIA,Não,Frear bruscamente,Capotamento,Com Vítimas Feridas,Pleno dia,Crescente,Céu Claro,Dupla,Reta;Declive,Não  ,-15.679851,-47.832211,8,0,0,8,0,0,8,Leve,Inclinacao,Simples,Rural,Normal,Dia,BRASILIA
617461,2024-07-28,domingo,06:10:00,GO,40,"73,9 ",CRISTALINA,Sim,Acumulo de óleo sobre o pavimento,Queda de ocupante de veículo,Com Vítimas Feridas,Amanhecer,Crescente,Céu Claro,Dupla,Curva;Aclive,Não  ,-16.621476,-47.748846,1,0,0,1,0,0,1,Leve,Curva,Simples,Rural,Normal,Transicao,CRISTALINA
617811,2024-07-30,terça-feira,06:24:00,DF,40,7    ,BRASILIA,Sim,Acumulo de óleo sobre o pavimento,Queda de ocupante de veículo,Com Vítimas Feridas,Amanhecer,Decrescente,Céu Claro,Dupla,Reta,Sim  ,-16.038666,-47.979691,2,0,0,1,1,0,1,Leve,Reta,Simples,Urbana,Normal,Transicao,BRASILIA
618022,2024-06-09,domingo,15:53:00,GO,20,3    ,FORMOSA,Sim,Acesso irregular,Queda de ocupante de veículo,Com Vítimas Feridas,Pleno dia,Decrescente,Céu Claro,Simples,Reta;Declive,Sim  ,-15.567487,-47.320309,4,0,2,0,2,0,4,Grave,Inclinacao,Simples,Urbana,Normal,Dia,FORMOSA
618696,2024-08-03,sábado,05:15:00,GO,20,"56,1 ",FORMOSA,Não,Reação tardia ou ineficiente do condutor,Atropelamento de Pedestre,Com Vítimas Fatais,Plena Noite,Decrescente,Céu Claro,Simples,Reta,Não  ,-15.280248,-47.154476,8,4,0,0,4,0,16,Fatal,Reta,Simples,Rural,Normal,Noite,FORMOSA
618844,2024-08-03,sábado,19:16:00,DF,60,"7,5  ",BRASILIA,Não,Velocidade Incompatível,Queda de ocupante de veículo,Com Vítimas Fatais,Plena Noite,Crescente,Céu Claro,Múltipla,Declive;Reta,Sim  ,-15.89927,-48.1162262,36,12,0,12,0,12,60,Fatal,Inclinacao,Multipla,Urbana,Normal,Noite,BRASILIA
620272,2024-08-10,sábado,07:20:00,DF,60,"5,4  ",BRASILIA,Não,Ausência de reação do condutor,Colisão com objeto,Com Vítimas Feridas,Pleno dia,Crescente,Céu Claro,Dupla,Reta;Declive,Sim  ,-15.896838,-48.10911,12,0,6,0,0,6,12,Grave,Inclinacao,Simples,Urbana,Normal,Dia,BRASILIA
620603,2024-08-11,domingo,18:00:00,DF,80,"32,2 ",BRASILIA,Não,Restrição de visibilidade em curvas verticais,Saída de leito carroçável,Com Vítimas Fatais,Plena Noite,Crescente,Céu Claro,Simples,Curva,Não  ,-15.574078,-48.191849,40,8,0,32,0,0,64,Fatal,Curva,Simples,Rural,Normal,Noite,BRASILIA
620875,2024-08-12,segunda-feira,22:20:00,DF,80,"9,8  ",BRASILIA,Sim,Pista Escorregadia,Queda de ocupante de veículo,Com Vítimas Feridas,Plena Noite,Crescente,Céu Claro,Dupla,Rotatória,Sim  ,-15.731064,-48.159393,2,0,2,0,0,0,4,Grave,Reta,Simples,Urbana,Normal,Noite,BRASILIA
621146,2024-08-14,quarta-feira,07:55:00,DF,20,"10,4 ",BRASILIA,Não,Acumulo de areia ou detritos sobre o pavimento,Queda de ocupante de veículo,Com Vítimas Feridas,Pleno dia,Decrescente,Céu Claro,Dupla,Reta;Em Obras,Sim  ,-15.648315,-47.770342,4,0,4,0,0,0,8,Grave,Reta,Simples,Urbana,Normal,Dia,BRASILIA
621483,2024-08-16,sexta-feira,02:10:00,DF,70,11   ,BRASILIA,Não,Iluminação deficiente,Capotamento,Com Vítimas Feridas,Plena Noite,Crescente,Céu Claro,Dupla,Reta,Sim  ,-15.789762,-48.148727,8,0,0,8,0,0,8,Leve,Reta,Simples,Urbana,Normal,Noite,BRASILIA
621761,2024-08-17,sábado,08:40:00,DF,20,"10,8 ",BRASILIA,Não,Acostamento em desnível,Tombamento,Com Vítimas Feridas,Pleno dia,Decrescente,Céu Claro,Dupla,Em Obras;Declive,Sim  ,-15.650243,-47.773872,6,0,0,6,0,0,6,Leve,Inclinacao,Simples,Urbana,Normal,Dia,BRASILIA
621780,2024-08-17,sábado,10:30:00,DF,70,10   ,BRASILIA,Não,Ausência de sinalização,Queda de ocupante de veículo,Com Vítimas Feridas,Pleno dia,Decrescente,Céu Claro,Dupla,Reta,Sim  ,-15.787066,-48.140709,12,0,0,6,6,0,6,Leve,Reta,Simples,Urbana,Normal,Dia,BRASILIA
621804,2024-08-17,sábado,12:33:00,DF,20,15   ,BRASILIA,Não,Velocidade Incompatível,Colisão com objeto,Sem Vítimas,Pleno dia,Decrescente,Céu Claro,Dupla,Reta,Não  ,-15.630189,-47.733288,6,0,0,0,6,0,0,Sem_Lesoes,Reta,Simples,Rural,Normal,Dia,BRASILIA
621874,2024-08-17,sábado,19:00:00,DF,70,"9,9  ",BRASILIA,Não,Iluminação deficiente,Saída de leito carroçável,Com Vítimas Feridas,Plena Noite,Crescente,Céu Claro,Dupla,Reta,Sim  ,-15.787066,-48.140709,8,0,0,4,4,0,4,Leve,Reta,Simples,Urbana,Normal,Noite,BRASILIA
622015,2024-08-18,domingo,09:50:00,DF,20,"14,9 ",BRASILIA,Não,Velocidade Incompatível,Queda de ocupante de veículo,Com Vítimas Feridas,Pleno dia,Decrescente,Céu Claro,Dupla,Em Obras;Reta,Não  ,-15.634938,-47.741241,6,0,6,0,0,0,12,Grave,Reta,Simples,Rural,Normal,Dia,BRASILIA
622056,2024-08-18,domingo,14:30:00,DF,20,"22,5 ",BRASILIA,Não,Deficiência do Sistema de Iluminação/Sinalização,Queda de ocupante de veículo,Com Vítimas Feridas,Pleno dia,Crescente,Céu Claro,Dupla,Reta,Sim  ,-15.5965014,-47.671566,4,0,2,0,0,2,4,Grave,Reta,Simples,Urbana,Normal,Dia,BRASILIA
622418,2024-08-19,segunda-feira,22:50:00,DF,70,11   ,BRASILIA,Não,Falta de elemento de contenção que evite a saída do leito carroçável,Capotamento,Com Vítimas Feridas,Plena Noite,Decrescente,Céu Claro,Dupla,Reta,Sim  ,-15.789762,-48.148727,16,0,0,16,0,0,16,Leve,Reta,Simples,Urbana,Normal,Noite,BRASILIA
623631,2024-08-25,domingo,17:30:00,GO,80,99   ,VILA PROPICIO,Não,Ingestão de álcool pelo condutor,Saída de leito carroçável,Sem Vítimas,Plena Noite,Crescente,Céu Claro,Simples,Reta,Não  ,-15.208875,-48.697312,36,0,0,0,36,0,0,Sem_Lesoes,Reta,Simples,Rural,Normal,Noite,VILA PROPICIO
624015,2024-08-11,domingo,22:59:00,DF,70,17   ,BRASILIA,Sim,Manobra de mudança de faixa,Saída de leito carroçável,Com Vítimas Feridas,Plena Noite,Crescente,Céu Claro,Dupla,Reta,Sim  ,-15.794133,-48.202095,18,0,0,12,6,0,12,Leve,Reta,Simples,Urbana,Normal,Noite,BRASILIA
625936,2024-09-05,quinta-feira,14:40:00,DF,70,5    ,BRASILIA,Sim,Falta de elemento de contenção que evite a saída do leito carroçável,Tombamento,Com Vítimas Feridas,Pleno dia,Crescente,Céu Claro,Múltipla,Reta,Não  ,-15.794656,-48.096779,2,0,0,2,0,0,2,Leve,Reta,Multipla,Rural,Normal,Dia,BRASILIA
626566,2024-09-08,domingo,03:00:00,GO,40,3    ,VALPARAISO DE GOIAS,Não,Deficiência do Sistema de Iluminação/Sinalização,Colisão lateral mesmo sentido,Sem Vítimas,Plena Noite,Decrescente,Céu Claro,Dupla,Interseção de Vias,Sim  ,-16.076081,-47.985671,10,0,0,0,10,0,0,Sem_Lesoes,Reta,Simples,Urbana,Normal,Noite,VALPARAISO DE GOIAS
627230,2024-09-10,terça-feira,23:30:00,DF,70,11   ,BRASILIA,Não,Iluminação deficiente,Atropelamento de Pedestre,Com Vítimas Feridas,Plena Noite,Crescente,Céu Claro,Dupla,Reta,Sim  ,-15.789762,-48.148727,16,0,2,0,14,0,4,Grave,Reta,Simples,Urbana,Normal,Noite,BRASILIA
627245,2024-07-16,terça-feira,21:30:00,GO,20,"36,1 ",FORMOSA,Sim,Acostamento em desnível,Colisão frontal,Com Vítimas Feridas,Plena Noite,Crescente,Céu Claro,Simples,Reta,Não  ,-15.446499,-47.097328,3,0,1,1,1,0,3,Grave,Reta,Simples,Rural,Normal,Noite,FORMOSA
628003,2024-09-14,sábado,14:30:00,DF,40,6    ,BRASILIA,Não,Acumulo de óleo sobre o pavimento,Queda de ocupante de veículo,Com Vítimas Feridas,Pleno dia,Decrescente,Céu Claro,Dupla,Reta,Sim  ,-16.029741,-47.978867,4,0,0,4,0,0,4,Leve,Reta,Simples,Urbana,Normal,Dia,BRASILIA
628742,2024-09-17,terça-feira,08:30:00,DF,60,"9,5  ",BRASILIA,Não,Frear bruscamente,Engavetamento,Com Vítimas Feridas,Pleno dia,Decrescente,Céu Claro,Dupla,Reta;Desvio Temporário;Declive,Sim  ,-15.906293,-48.139965,20,0,0,5,15,0,5,Leve,Inclinacao,Simples,Urbana,Normal,Dia,BRASILIA
628922,2024-09-18,quarta-feira,12:30:00,DF,70,6    ,BRASILIA,Não,Transitar na contramão,Queda de ocupante de veículo,Com Vítimas Feridas,Pleno dia,Crescente,Céu Claro,Dupla,Reta,Sim  ,-15.791242,-48.105759,8,0,4,0,4,0,8,Grave,Reta,Simples,Urbana,Normal,Dia,BRASILIA
629818,2024-09-22,domingo,10:30:00,GO,20,"58,9 ",FORMOSA,Não,Reação tardia ou ineficiente do condutor,Derramamento de carga,Com Vítimas Fatais,Pleno dia,Crescente,Céu Claro,Simples,Em Obras;Declive;Curva,Não  ,-15.263369,-47.16048,100,50,0,25,0,25,225,Fatal,Curva,Simples,Rural,Normal,Dia,FORMOSA
631279,2024-09-29,domingo,01:00:00,GO,414,398  ,CORUMBA DE GOIAS,Não,Chuva,Eventos atípicos,Com Vítimas Feridas,Plena Noite,Crescente,Chuva,Simples,Aclive;Reta,Não  ,-15.9596635,-48.8155487,4,0,0,2,2,0,2,Leve,Inclinacao,Simples,Rural,Adverso,Noite,CORUMBA DE GOIAS
631725,2024-09-30,segunda-feira,20:16:00,DF,80,34   ,BRASILIA,Não,Ingestão de álcool pelo condutor,Atropelamento de Animal,Com Vítimas Fatais,Plena Noite,Crescente,Céu Claro,Simples,Aclive,Não  ,-15.558477,-48.195919,6,3,0,0,3,0,12,Fatal,Inclinacao,Simples,Rural,Normal,Noite,BRASILIA
632173,2024-10-02,quarta-feira,20:00:00,GO,80,64   ,PADRE BERNARDO,Sim,Iluminação deficiente,Saída de leito carroçável,Com Vítimas Feridas,Plena Noite,Decrescente,Céu Claro,Simples,Reta;Declive,Não  ,-15.188176,-48.434225,4,0,0,2,2,0,2,Leve,Inclinacao,Simples,Rural,Normal,Noite,PADRE BERNARDO
632203,2024-10-03,quinta-feira,07:50:00,GO,40,18   ,LUZIANIA,Sim,Ausência de sinalização,Colisão lateral mesmo sentido,Sem Vítimas,Pleno dia,Crescente,Céu Claro,Dupla,Reta,Sim  ,-16.19349,-47.925575,3,0,0,0,3,0,0,Sem_Lesoes,Reta,Simples,Urbana,Normal,Dia,LUZIANIA
632520,2024-10-04,sexta-feira,16:00:00,GO,414,"370,9",COCALZINHO DE GOIAS,Sim,Acumulo de areia ou detritos sobre o pavimento,Queda de ocupante de veículo,Com Vítimas Feridas,Pleno dia,Crescente,Céu Claro,Dupla,Interseção de Vias;Retorno Regulamentado,Sim  ,-15.7527105,-48.74754,2,0,2,0,0,0,4,Grave,Reta,Simples,Urbana,Normal,Dia,COCALZINHO DE GOIAS
632993,2024-10-06,domingo,12:10:00,DF,80,26   ,BRASILIA,Não,Ausência de reação do condutor,Tombamento,Com Vítimas Feridas,Pleno dia,Crescente,Céu Claro,Simples,Curva,Não  ,-15.612259,-48.198044,4,0,0,4,0,0,4,Leve,Curva,Simples,Rural,Normal,Dia,BRASILIA
633322,2024-10-07,segunda-feira,18:30:00,DF,20,"1,7  ",BRASILIA,Não,Velocidade Incompatível,Colisão traseira,Com Vítimas Feridas,Anoitecer,Crescente,Céu Claro,Múltipla,Reta;Declive,Não  ,-15.685814,-47.849838,30,0,0,10,20,0,10,Leve,Inclinacao,Multipla,Rural,Normal,Transicao,BRASILIA
633600,2024-10-09,quarta-feira,06:55:00,DF,20,"28,9 ",BRASILIA,Não,Pista Escorregadia,Colisão com objeto,Com Vítimas Feridas,Amanhecer,Decrescente,Chuva,Dupla,Reta,Não  ,-15.598319,-47.621925,4,0,0,4,0,0,4,Leve,Reta,Simples,Rural,Adverso,Transicao,BRASILIA
633606,2024-10-09,quarta-feira,08:00:00,GO,40,5    ,VALPARAISO DE GOIAS,Sim,Reação tardia ou ineficiente do condutor,Saída de leito carroçável,Com Vítimas Feridas,Pleno dia,Decrescente,Céu Claro,Dupla,Reta,Sim  ,-16.093134,-47.982236,2,0,0,2,0,0,2,Leve,Reta,Simples,Urbana,Normal,Dia,VALPARAISO DE GOIAS
633689,2024-10-09,quarta-feira,14:20:00,DF,60,0    ,BRASILIA,Não,Avarias e/ou desgaste excessivo no pneu,Colisão traseira,Com Vítimas Feridas,Pleno dia,Crescente,Garoa/Chuvisco,Dupla,Reta;Viaduto,Sim  ,-15.882499,-48.060212,60,0,0,15,45,0,15,Leve,Obra_Arte,Simples,Urbana,Adverso,Dia,BRASILIA
634258,2024-10-11,sexta-feira,22:20:00,DF,251,"59,2 ",BRASILIA,Não,Reação tardia ou ineficiente do condutor,Colisão transversal,Com Vítimas Feridas,Plena Noite,Crescente,Nublado,Simples,Reta,Não  ,-15.948113,-47.845235,24,0,0,12,12,0,12,Leve,Reta,Simples,Rural,Normal,Noite,BRASILIA
634435,2024-10-12,sábado,15:00:00,GO,60,66   ,ABADIANIA,Sim,Pista Escorregadia,Capotamento,Com Vítimas Feridas,Pleno dia,Decrescente,Chuva,Dupla,Reta,Não  ,-16.2138,-48.7457,4,0,0,4,0,0,4,Leve,Reta,Simples,Rural,Adverso,Dia,ABADIANIA
634447,2024-10-12,sábado,16:04:00,DF,70,"19,6 ",BRASILIA,Não,Avarias e/ou desgaste excessivo no pneu,Atropelamento de Pedestre,Com Vítimas Feridas,Pleno dia,Decrescente,Chuva,Múltipla,Declive,Não  ,-15.788868,-48.220242,16,0,8,8,0,0,24,Grave,Inclinacao,Multipla,Rural,Adverso,Dia,BRASILIA
634657,2024-10-13,domingo,17:30:00,GO,20,"3,5  ",FORMOSA,Não,Ingestão de álcool pelo condutor,Colisão lateral sentido oposto,Sem Vítimas,Pleno dia,Crescente,Céu Claro,Dupla,Retorno Regulamentado,Sim  ,-15.567487,-47.320309,6,0,0,0,3,3,0,Sem_Lesoes,Reta,Simples,Urbana,Normal,Dia,FORMOSA
635332,2024-10-16,quarta-feira,15:25:00,DF,60,"8,2  ",BRASILIA,Não,Pista Escorregadia,Saída de leito carroçável,Sem Vítimas,Pleno dia,Crescente,Garoa/Chuvisco,Dupla,Reta,Sim  ,-15.90324,-48.130695,32,0,0,0,32,0,0,Sem_Lesoes,Reta,Simples,Urbana,Adverso,Dia,BRASILIA
634983,2024-10-15,terça-feira,00:15:00,DF,251,13   ,BRASILIA,Sim,Iluminação deficiente,Saída de leito carroçável,Com Vítimas Feridas,Plena Noite,Crescente,Garoa/Chuvisco,Simples,Rotatória,Não  ,-15.954415,-47.596806,2,0,0,2,0,0,2,Leve,Reta,Simples,Rural,Adverso,Noite,BRASILIA
635106,2024-10-15,terça-feira,14:54:00,DF,20,5    ,BRASILIA,Sim,Acumulo de óleo sobre o pavimento,Colisão com objeto,Com Vítimas Feridas,Pleno dia,Crescente,Chuva,Dupla,Curva,Sim  ,-15.670546,-47.816044,2,0,0,1,1,0,1,Leve,Curva,Simples,Urbana,Adverso,Dia,BRASILIA
635312,2024-10-16,quarta-feira,12:41:00,GO,40,"12,5 ",LUZIANIA,Não,Pista Escorregadia,Colisão traseira,Sem Vítimas,Pleno dia,Decrescente,Chuva,Dupla,Reta;Retorno Regulamentado,Sim  ,-16.145123,-47.945382,6,0,0,0,3,3,0,Sem_Lesoes,Reta,Simples,Urbana,Adverso,Dia,LUZIANIA
635316,2024-10-16,quarta-feira,15:20:00,DF,60,"7,9  ",BRASILIA,Sim,Acumulo de óleo sobre o pavimento,Colisão com objeto,Sem Vítimas,Pleno dia,Crescente,Chuva,Dupla,Reta;Declive,Sim  ,-15.901237,-48.122334,4,0,0,0,2,2,0,Sem_Lesoes,Inclinacao,Simples,Urbana,Adverso,Dia,BRASILIA
635336,2024-10-16,quarta-feira,16:40:00,DF,20,24   ,BRASILIA,Sim,Acumulo de água sobre o pavimento,Colisão com objeto,Sem Vítimas,Anoitecer,Crescente,Chuva,Dupla,Curva,Não  ,-15.594831,-47.658615,2,0,0,0,2,0,0,Sem_Lesoes,Curva,Simples,Rural,Adverso,Transicao,BRASILIA
635531,2024-10-17,quinta-feira,17:35:00,DF,40,"5,8  ",BRASILIA,Não,Chuva,Colisão traseira,Com Vítimas Feridas,Pleno dia,Decrescente,Céu Claro,Dupla,Reta,Sim  ,-16.020903,-47.980541,18,0,0,6,12,0,6,Leve,Reta,Simples,Urbana,Normal,Dia,BRASILIA
635627,2024-10-18,sexta-feira,06:00:00,GO,414,"428,4",ABADIANIA,Sim,Acesso irregular,Saída de leito carroçável,Com Vítimas Feridas,Amanhecer,Crescente,Céu Claro,Simples,Reta,Não  ,-16.1899491,-48.9054938,8,0,4,0,4,0,8,Grave,Reta,Simples,Rural,Normal,Transicao,ABADIANIA
637264,2024-10-25,sexta-feira,10:35:00,DF,70,19   ,BRASILIA,Não,Chuva,Atropelamento de Pedestre,Com Vítimas Feridas,Pleno dia,Crescente,Chuva,Dupla,Declive,Sim  ,-15.788868,-48.220242,40,0,24,8,0,8,56,Grave,Inclinacao,Simples,Urbana,Adverso,Dia,BRASILIA
636566,2024-10-21,segunda-feira,20:05:00,GO,50,"101,9",CRISTALINA,Não,Iluminação deficiente,Queda de ocupante de veículo,Com Vítimas Fatais,Plena Noite,Decrescente,Chuva,Dupla,Reta,Não  ,-16.7910655,-47.641182,30,15,0,0,0,15,60,Fatal,Reta,Simples,Rural,Adverso,Noite,CRISTALINA
636751,2024-10-22,terça-feira,20:20:00,GO,60,"0,1  ",SANTO ANTONIO DO DESCOBERTO,Não,Falta de elemento de contenção que evite a saída do leito carroçável,Capotamento,Com Vítimas Feridas,Plena Noite,Crescente,Chuva,Dupla,Reta;Aclive,Não  ,-16.053785,-48.260408,12,0,0,12,0,0,12,Leve,Inclinacao,Simples,Rural,Adverso,Noite,SANTO ANTONIO DO DESCOBERTO
636768,2024-10-22,terça-feira,22:15:00,DF,60,"28,3 ",BRASILIA,Não,Pista Escorregadia,Capotamento,Com Vítimas Feridas,Pleno dia,Decrescente,Nublado,Dupla,Curva;Aclive,Não  ,-16.020638,-48.250832,8,0,0,4,4,0,4,Leve,Curva,Simples,Rural,Normal,Dia,BRASILIA
637528,2024-10-26,sábado,09:30:00,GO,20,"96,3 ",VILA BOA,Sim,Ausência de sinalização,Colisão lateral sentido oposto,Com Vítimas Feridas,Pleno dia,Crescente,Céu Claro,Simples,Reta,Não  ,-14.975515,-47.014931,5,0,1,1,1,2,3,Grave,Reta,Simples,Rural,Normal,Dia,VILA BOA
637552,2024-10-26,sábado,14:15:00,DF,60,"8,1  ",BRASILIA,Não,Pista Escorregadia,Tombamento,Sem Vítimas,Pleno dia,Crescente,Chuva,Dupla,Reta;Declive,Sim  ,-15.904297,-48.134167,9,0,0,0,9,0,0,Sem_Lesoes,Inclinacao,Simples,Urbana,Adverso,Dia,BRASILIA
638104,2024-10-28,segunda-feira,20:55:00,GO,60,30   ,ALEXANIA,Não,Pista Escorregadia,Capotamento,Com Vítimas Feridas,Plena Noite,Decrescente,Chuva,Simples,Reta;Declive,Sim  ,-16.0963,-48.5202,6,0,0,6,0,0,6,Leve,Inclinacao,Simples,Urbana,Adverso,Noite,ALEXANIA
638598,2024-10-31,quinta-feira,14:15:00,GO,414,373  ,COCALZINHO DE GOIAS,Sim,Acesso irregular,Colisão transversal,Com Vítimas Feridas,Pleno dia,Decrescente,Céu Claro,Dupla,Reta,Sim  ,-15.7960857,-48.7757386,5,0,0,1,2,2,1,Leve,Reta,Simples,Urbana,Normal,Dia,COCALZINHO DE GOIAS
638983,2024-11-02,sábado,06:32:00,GO,60,33   ,ALEXANIA,Não,Deficiência do Sistema de Iluminação/Sinalização,Colisão com objeto,Com Vítimas Feridas,Amanhecer,Decrescente,Nublado,Dupla,Reta,Sim  ,-16.090797,-48.513018,12,0,0,3,9,0,3,Leve,Reta,Simples,Urbana,Normal,Transicao,ALEXANIA
639160,2024-11-02,sábado,16:00:00,GO,414,"368,7",COCALZINHO DE GOIAS,Sim,Acumulo de óleo sobre o pavimento,Colisão com objeto,Com Vítimas Feridas,Pleno dia,Decrescente,Chuva,Simples,Declive;Reta,Não  ,-15.7535312,-48.729258,2,0,0,1,1,0,1,Leve,Inclinacao,Simples,Rural,Adverso,Dia,COCALZINHO DE GOIAS
639541,2024-11-04,segunda-feira,14:49:00,DF,70,19   ,BRASILIA,Não,Reação tardia ou ineficiente do condutor,Tombamento,Com Vítimas Feridas,Pleno dia,Crescente,Céu Claro,Dupla,Curva,Não  ,-15.788868,-48.220242,16,0,0,16,0,0,16,Leve,Curva,Simples,Rural,Normal,Dia,BRASILIA
639680,2024-11-05,terça-feira,05:00:00,GO,20,"42,5 ",FORMOSA,Não,Iluminação deficiente,Capotamento,Com Vítimas Feridas,Plena Noite,Decrescente,Chuva,Simples,Declive;Reta,Não  ,-15.39234,-47.100006,25,0,0,10,15,0,10,Leve,Inclinacao,Simples,Rural,Adverso,Noite,FORMOSA
639797,2024-11-05,terça-feira,18:29:00,DF,70,"15,8 ",BRASILIA,Não,Demais falhas na via,Atropelamento de Pedestre,Com Vítimas Fatais,Anoitecer,Crescente,Nublado,Dupla,Rotatória,Não  ,-15.795431,-48.19676,48,16,16,0,16,0,96,Fatal,Reta,Simples,Rural,Normal,Transicao,BRASILIA
639843,2024-11-05,terça-feira,19:30:00,DF,60,"5,8  ",BRASILIA,Sim,Acesso irregular,Colisão traseira,Com Vítimas Feridas,Plena Noite,Crescente,Nublado,Dupla,Reta,Sim  ,-15.895438,-48.104771,1,0,0,1,0,0,1,Leve,Reta,Simples,Urbana,Normal,Noite,BRASILIA
640057,2024-11-07,quinta-feira,02:29:00,GO,70,"0,5  ",AGUAS LINDAS DE GOIAS,Não,Pista Escorregadia,Tombamento,Com Vítimas Feridas,Plena Noite,Crescente,Chuva,Dupla,Reta;Aclive,Não  ,-15.783543,-48.2326,6,0,0,6,0,0,6,Leve,Inclinacao,Simples,Rural,Adverso,Noite,AGUAS LINDAS DE GOIAS
640059,2024-11-07,quinta-feira,01:45:00,GO,40,79   ,CRISTALINA,Não,Ausência de sinalização,Tombamento,Com Vítimas Feridas,Plena Noite,Crescente,Nublado,Dupla,Em Obras,Não  ,-16.663592,-47.720239,12,0,0,6,6,0,6,Leve,Reta,Simples,Rural,Normal,Noite,CRISTALINA
640212,2024-11-07,quinta-feira,19:15:00,DF,20,0    ,BRASILIA,Não,Pista Escorregadia,Colisão com objeto,Com Vítimas Feridas,Plena Noite,Decrescente,Nublado,Dupla,Reta,Sim  ,-15.688145,-47.858797,2,0,0,2,0,0,2,Leve,Reta,Simples,Urbana,Normal,Noite,BRASILIA
641195,2024-11-11,segunda-feira,19:00:00,DF,20,4    ,BRASILIA,Não,Declive acentuado,Queda de ocupante de veículo,Com Vítimas Feridas,Anoitecer,Crescente,Nublado,Dupla,Reta;Declive,Não  ,-15.675484,-47.823761,18,0,0,9,9,0,9,Leve,Inclinacao,Simples,Rural,Normal,Transicao,BRASILIA
641214,2024-11-11,segunda-feira,22:43:00,DF,70,7    ,BRASILIA,Não,Reação tardia ou ineficiente do condutor,Colisão lateral mesmo sentido,Com Vítimas Feridas,Plena Noite,Crescente,Garoa/Chuvisco,Dupla,Reta,Sim  ,-15.787601,-48.114429,4,0,0,2,0,2,2,Leve,Reta,Simples,Urbana,Adverso,Noite,BRASILIA
641615,2024-11-13,quarta-feira,19:40:00,DF,20,"10,3 ",BRASILIA,Não,Reação tardia ou ineficiente do condutor,Saída de leito carroçável,Com Vítimas Feridas,Plena Noite,Decrescente,Chuva,Dupla,Reta;Interseção de Vias;Em Obras;Declive,Sim  ,-15.650243,-47.773872,48,0,0,16,32,0,16,Leve,Inclinacao,Simples,Urbana,Adverso,Noite,BRASILIA
642313,2024-11-16,sábado,17:21:00,GO,40,64   ,CRISTALINA,Sim,Pista Escorregadia,Colisão lateral sentido oposto,Com Vítimas Feridas,Pleno dia,Decrescente,Garoa/Chuvisco,Simples,Reta;Declive,Não  ,-16.555499,-47.78908,3,0,0,1,2,0,1,Leve,Inclinacao,Simples,Rural,Adverso,Dia,CRISTALINA
642359,2024-11-16,sábado,21:31:00,GO,40,7    ,VALPARAISO DE GOIAS,Não,Acumulo de água sobre o pavimento,Colisão com objeto,Com Vítimas Feridas,Plena Noite,Crescente,Chuva,Dupla,Reta,Sim  ,-16.108482,-47.972524,3,0,0,3,0,0,3,Leve,Reta,Simples,Urbana,Adverso,Noite,VALPARAISO DE GOIAS
643404,2024-11-22,sexta-feira,06:46:00,DF,40,3    ,BRASILIA,Sim,Acumulo de areia ou detritos sobre o pavimento,Colisão lateral mesmo sentido,Com Vítimas Feridas,Amanhecer,Decrescente,Nublado,Dupla,Interseção de Vias;Reta,Sim  ,-16.00042,-47.984603,4,0,0,2,2,0,2,Leve,Reta,Simples,Urbana,Normal,Transicao,BRASILIA
643409,2024-11-22,sexta-feira,06:50:00,DF,40,"2,7  ",BRASILIA,Sim,Acumulo de areia ou detritos sobre o pavimento,Tombamento,Com Vítimas Feridas,Pleno dia,Decrescente,Nublado,Dupla,Reta,Sim  ,-15.99435,-47.985947,2,0,0,2,0,0,2,Leve,Reta,Simples,Urbana,Normal,Dia,BRASILIA
643521,2024-11-22,sexta-feira,17:00:00,GO,20,3    ,FORMOSA,Sim,Acumulo de óleo sobre o pavimento,Queda de ocupante de veículo,Com Vítimas Feridas,Pleno dia,Decrescente,Nublado,Dupla,Reta,Sim  ,-15.567487,-47.320309,2,0,0,2,0,0,2,Leve,Reta,Simples,Urbana,Normal,Dia,FORMOSA
643599,2024-11-22,sexta-feira,19:50:00,DF,251,57   ,BRASILIA,Não,Iluminação deficiente,Incêndio,Com Vítimas Feridas,Plena Noite,Crescente,Nublado,Simples,Reta,Não  ,-15.978055,-47.95824,36,0,12,0,24,0,24,Grave,Reta,Simples,Rural,Normal,Noite,BRASILIA
643755,2024-11-23,sábado,16:45:00,DF,20,"5,6  ",BRASILIA,Não,Reação tardia ou ineficiente do condutor,Saída de leito carroçável,Com Vítimas Feridas,Pleno dia,Decrescente,Nublado,Dupla,Reta,Não  ,-15.670546,-47.816044,12,0,0,6,6,0,6,Leve,Reta,Simples,Rural,Normal,Dia,BRASILIA
644052,2024-11-24,domingo,19:17:00,GO,70,"2,3  ",AGUAS LINDAS DE GOIAS,Não,Pista Escorregadia,Saída de leito carroçável,Com Vítimas Fatais,Plena Noite,Crescente,Nublado,Dupla,Curva,Não  ,-15.767021,-48.229945,6,6,0,0,0,0,24,Fatal,Curva,Simples,Rural,Normal,Noite,AGUAS LINDAS DE GOIAS
644057,2024-11-24,domingo,22:17:00,GO,60,25   ,ALEXANIA,Não,Chuva,Saída de leito carroçável,Com Vítimas Feridas,Plena Noite,Decrescente,Chuva,Dupla,Reta,Sim  ,-16.10898,-48.448292,4,0,0,2,2,0,2,Leve,Reta,Simples,Urbana,Adverso,Noite,ALEXANIA
644067,2024-11-24,domingo,22:46:00,DF,70,7    ,BRASILIA,Sim,Acesso irregular,Capotamento,Com Vítimas Feridas,Plena Noite,Crescente,Nublado,Dupla,Reta,Sim  ,-15.787601,-48.114429,9,0,0,6,3,0,6,Leve,Reta,Simples,Urbana,Normal,Noite,BRASILIA
644853,2024-11-28,quinta-feira,19:43:00,DF,20,40   ,BRASILIA,Não,Iluminação deficiente,Colisão frontal,Com Vítimas Fatais,Plena Noite,Decrescente,Nublado,Dupla,Reta;Aclive,Não  ,-15.581853,-47.512711,30,10,0,0,20,0,40,Fatal,Inclinacao,Simples,Rural,Normal,Noite,BRASILIA
645452,2024-12-01,domingo,13:00:00,GO,60,"0,9  ",SANTO ANTONIO DO DESCOBERTO,Não,Ausência de reação do condutor,Queda de ocupante de veículo,Com Vítimas Feridas,Pleno dia,Crescente,Céu Claro,Dupla,Declive;Reta;Retorno Regulamentado,Não  ,-16.0593089,-48.2629982,8,0,0,4,4,0,4,Leve,Inclinacao,Simples,Rural,Normal,Dia,SANTO ANTONIO DO DESCOBERTO
645708,2024-12-02,segunda-feira,14:20:00,GO,60,29   ,ALEXANIA,Não,Velocidade Incompatível,Saída de leito carroçável,Com Vítimas Fatais,Pleno dia,Crescente,Chuva,Dupla,Reta;Aclive,Não  ,-16.0963,-48.5202,40,20,10,0,10,0,100,Fatal,Inclinacao,Simples,Rural,Adverso,Dia,ALEXANIA
645724,2024-12-02,segunda-feira,14:10:00,GO,40,42   ,LUZIANIA,Não,Pista Escorregadia,Colisão frontal,Com Vítimas Fatais,Pleno dia,Crescente,Chuva,Simples,Declive;Reta,Não  ,-16.37676,-47.830535,9,3,0,0,3,3,12,Fatal,Inclinacao,Simples,Rural,Adverso,Dia,LUZIANIA
646749,2024-10-29,terça-feira,06:34:00,GO,40,76   ,CRISTALINA,Não,Sinalização mal posicionada,Atropelamento de Pedestre,Com Vítimas Fatais,Pleno dia,Crescente,Céu Claro,Simples,Em Obras;Reta,Sim  ,-16.644545,-47.739479,16,4,0,0,4,8,16,Fatal,Reta,Simples,Urbana,Normal,Dia,CRISTALINA
647110,2024-12-08,domingo,16:36:00,GO,80,113  ,VILA PROPICIO,Não,Problema na suspensão,Saída de leito carroçável,Sem Vítimas,Pleno dia,Decrescente,Chuva,Simples,Declive;Reta,Não  ,-15.208875,-48.697312,2,0,0,0,2,0,0,Sem_Lesoes,Inclinacao,Simples,Rural,Adverso,Dia,VILA PROPICIO
647381,2024-12-09,segunda-feira,22:35:00,DF,80,23   ,BRASILIA,Não,Reação tardia ou ineficiente do condutor,Colisão traseira,Sem Vítimas,Plena Noite,Decrescente,Céu Claro,Simples,Reta,Não  ,-15.638944,-48.20079,4,0,0,0,4,0,0,Sem_Lesoes,Reta,Simples,Rural,Normal,Noite,BRASILIA
647492,2024-12-10,terça-feira,12:54:00,DF,251,5    ,BRASILIA,Não,Velocidade Incompatível,Capotamento,Com Vítimas Feridas,Pleno dia,Crescente,Céu Claro,Simples,Reta,Não  ,-16.007332,-47.552052,16,0,8,8,0,0,24,Grave,Reta,Simples,Rural,Normal,Dia,BRASILIA
647790,2024-12-11,quarta-feira,19:00:00,DF,70,10   ,BRASILIA,Não,Trafegar com motocicleta (ou similar) entre as faixas,Queda de ocupante de veículo,Com Vítimas Feridas,Plena Noite,Crescente,Céu Claro,Dupla,Reta,Sim  ,-15.787066,-48.140709,27,0,9,9,9,0,27,Grave,Reta,Simples,Urbana,Normal,Noite,BRASILIA
647902,2024-12-12,quinta-feira,10:20:00,GO,20,127  ,FLORES DE GOIAS,Sim,Acumulo de água sobre o pavimento,Capotamento,Sem Vítimas,Pleno dia,Decrescente,Chuva,Simples,Reta,Não  ,-14.849504,-46.766163,16,0,0,0,16,0,0,Sem_Lesoes,Reta,Simples,Rural,Adverso,Dia,FLORES DE GOIAS
647930,2024-12-12,quinta-feira,14:15:00,DF,70,14   ,BRASILIA,Não,Demais falhas na via,Saída de leito carroçável,Com Vítimas Feridas,Pleno dia,Crescente,Céu Claro,Dupla,Reta,Sim  ,-15.7990775,-48.1824088,32,0,0,16,16,0,16,Leve,Reta,Simples,Urbana,Normal,Dia,BRASILIA
647931,2024-12-12,quinta-feira,14:20:00,DF,20,"21,7 ",BRASILIA,Não,Reação tardia ou ineficiente do condutor,Colisão com objeto,Com Vítimas Feridas,Pleno dia,Decrescente,Chuva,Dupla,Declive;Retorno Regulamentado;Reta,Sim  ,-15.603384,-47.684692,138,0,0,6,120,12,6,Leve,Inclinacao,Simples,Urbana,Adverso,Dia,BRASILIA
648242,2024-12-13,sexta-feira,19:00:00,DF,20,2    ,BRASILIA,Não,Iluminação deficiente,Atropelamento de Pedestre,Com Vítimas Feridas,Anoitecer,Decrescente,Céu Claro,Dupla,Reta;Aclive,Não  ,-15.682896,-47.840729,12,0,0,6,6,0,6,Leve,Inclinacao,Simples,Rural,Normal,Transicao,BRASILIA
648606,2024-12-15,domingo,03:30:00,DF,20,9    ,BRASILIA,Não,Ausência de reação do condutor,Colisão com objeto,Sem Vítimas,Plena Noite,Decrescente,Chuva,Dupla,Declive;Reta,Sim  ,-15.654671,-47.782917,2,0,0,0,2,0,0,Sem_Lesoes,Inclinacao,Simples,Urbana,Adverso,Noite,BRASILIA
648676,2024-12-15,domingo,11:25:00,DF,20,16   ,BRASILIA,Sim,Pista Escorregadia,Colisão com objeto,Sem Vítimas,Pleno dia,Crescente,Céu Claro,Dupla,Reta,Sim  ,-15.625675,-47.725159,2,0,0,0,2,0,0,Sem_Lesoes,Reta,Simples,Urbana,Normal,Dia,BRASILIA
648773,2024-12-15,domingo,17:00:00,DF,60,"27,4 ",BRASILIA,Não,Acumulo de água sobre o pavimento,Saída de leito carroçável,Com Vítimas Feridas,Pleno dia,Crescente,Chuva,Dupla,Declive;Reta,Não  ,-16.012222,-48.247662,8,0,0,8,0,0,8,Leve,Inclinacao,Simples,Rural,Adverso,Dia,BRASILIA
649039,2024-12-16,segunda-feira,20:15:00,DF,80,"22,4 ",BRASILIA,Não,Iluminação deficiente,Colisão transversal,Com Vítimas Feridas,Plena Noite,Crescente,Céu Claro,Simples,Reta,Sim  ,-15.647892,-48.201756,9,0,0,3,6,0,3,Leve,Reta,Simples,Urbana,Normal,Noite,BRASILIA
649185,2024-12-17,terça-feira,13:40:00,GO,40,53   ,LUZIANIA,Não,Acumulo de água sobre o pavimento,Capotamento,Sem Vítimas,Pleno dia,Decrescente,Chuva,Dupla,Reta;Aclive,Não  ,-16.468106,-47.807867,6,0,0,0,0,6,0,Sem_Lesoes,Inclinacao,Simples,Rural,Adverso,Dia,LUZIANIA
649254,2024-12-17,terça-feira,20:20:00,GO,414,404  ,CORUMBA DE GOIAS,Não,Velocidade Incompatível,Colisão lateral sentido oposto,Com Vítimas Feridas,Plena Noite,Crescente,Nevoeiro/Neblina,Simples,Curva,Não  ,-16.0090039,-48.8416308,15,0,0,3,3,9,3,Leve,Curva,Simples,Rural,Adverso,Noite,CORUMBA DE GOIAS
649606,2024-12-19,quinta-feira,13:57:00,GO,50,"119,4",CRISTALINA,Não,Velocidade Incompatível,Capotamento,Com Vítimas Feridas,Pleno dia,Decrescente,Chuva,Dupla,Declive,Não  ,-16.9309,-47.7117,8,0,0,4,4,0,4,Leve,Inclinacao,Simples,Rural,Adverso,Dia,CRISTALINA
649864,2024-12-20,sexta-feira,16:00:00,DF,20,"18,8 ",BRASILIA,Sim,Reação tardia ou ineficiente do condutor,Tombamento,Sem Vítimas,Pleno dia,Decrescente,Chuva,Dupla,Declive;Reta;Retorno Regulamentado,Sim  ,-15.616901,-47.708927,27,0,0,0,9,18,0,Sem_Lesoes,Inclinacao,Simples,Urbana,Adverso,Dia,BRASILIA
649901,2024-12-20,sexta-feira,17:10:00,DF,40,6    ,BRASILIA,Não,Reação tardia ou ineficiente do condutor,Colisão traseira,Com Vítimas Feridas,Pleno dia,Crescente,Chuva,Dupla,Reta,Sim  ,-16.029741,-47.978867,16,0,0,8,8,0,8,Leve,Reta,Simples,Urbana,Adverso,Dia,BRASILIA
650718,2024-12-23,segunda-feira,07:30:00,GO,251,29   ,CRISTALINA,Não,Acesso irregular,Queda de ocupante de veículo,Com Vítimas Feridas,Pleno dia,Crescente,Céu Claro,Simples,Reta,Não  ,-16.088117,-47.5156516,8,0,4,0,4,0,8,Grave,Reta,Simples,Rural,Normal,Dia,CRISTALINA
650758,2024-12-23,segunda-feira,11:40:00,GO,60,"29,5 ",ALEXANIA,Não,Avarias e/ou desgaste excessivo no pneu,Saída de leito carroçável,Com Vítimas Feridas,Pleno dia,Decrescente,Chuva,Dupla,Reta;Declive,Sim  ,-16.098022,-48.480178,6,0,0,4,2,0,4,Leve,Inclinacao,Simples,Urbana,Adverso,Dia,ALEXANIA
651102,2024-12-24,terça-feira,22:40:00,GO,20,8    ,FORMOSA,Sim,Desrespeitar a preferência no cruzamento,Queda de ocupante de veículo,Com Vítimas Feridas,Plena Noite,Crescente,Chuva,Simples,Curva,Sim  ,-15.554792,-47.274769,18,0,6,0,12,0,12,Grave,Curva,Simples,Urbana,Adverso,Noite,FORMOSA
651888,2024-12-28,sábado,13:45:00,GO,40,42   ,LUZIANIA,Sim,Acumulo de água sobre o pavimento,Capotamento,Com Vítimas Feridas,Pleno dia,Crescente,Chuva,Simples,Curva,Não  ,-16.37676,-47.830535,4,0,0,1,3,0,1,Leve,Curva,Simples,Rural,Adverso,Dia,LUZIANIA
656770,2024-07-26,sexta-feira,21:45:00,DF,80,25   ,BRASILIA,Não,Iluminação deficiente,Queda de ocupante de veículo,Com Vítimas Feridas,Plena Noite,Crescente,Céu Claro,Simples,Reta,Sim  ,-15.62121,-48.198963,8,0,4,0,4,0,8,Grave,Reta,Simples,Urbana,Normal,Noite,BRASILIA
